id,first_name,last_name,gender
1,Wilton,Carous,Genderfluid
2,Galvin,Martinie,Agender
3,Chance,Bice,Non-binary
4,Shandeigh,Parkhouse,Genderqueer
5,Aime,Sclanders,Agender
6,Lee,Coushe,Polygender
7,Alyssa,Conklin,Genderfluid
8,Blinny,Laughrey,Bigender
9,Minta,Syer,Genderqueer
10,Delmar,Issacoff,Non-binary
11,Rhianon,Scimonelli,Genderqueer
12,Leora,Feaviour,Polygender
13,Raphael,Meedendorpe,Genderfluid
14,Conant,Bohlin,Non-binary
15,Lyn,MacKeogh,Genderqueer
16,Dalton,Cumpton,Female
17,Geordie,Lux,Male
18,Gleda,Lewknor,Non-binary
19,Bartholemy,Winser,Genderfluid
20,Sheba,D'Cruze,Genderfluid
21,Cyrus,Sayburn,Bigender
22,Torry,Songhurst,Female
23,Liva,Hustings,Female
24,Jolene,Keese,Female
25,Lynnea,Gadman,Non-binary
26,Codi,Norcliff,Non-binary
27,Lock,Newgrosh,Agender
28,Westleigh,Gaber,Agender
29,Zelda,Demaine,Agender
30,Ludovika,Beretta,Genderfluid
31,Claudia,Prando,Bigender
32,Blondie,Reck,Genderqueer
33,Ichabod,Dellenbach,Male
34,Georgi,Gowen,Male
35,Cosetta,Spackman,Bigender
36,Dodie,MacGillavery,Agender
37,Marylinda,Roset,Genderqueer
38,Jeremiah,McCory,Male
39,Viviene,Burrells,Male
40,Brandais,Dimitriades,Genderfluid
41,Martelle,Roderigo,Genderqueer
42,Melesa,Sims,Agender
43,Cherin,Watkiss,Genderfluid
44,Jeramey,Caunce,Male
45,Emma,Gillam,Female
46,Margaret,Prazor,Bigender
47,Natka,Hartford,Female
48,Trula,Kropp,Agender
49,Audy,Pimm,Bigender
50,Harrietta,Tolworthie,Agender
51,Olivia,Faulo,Agender
52,Salvidor,Dorran,Female
53,Danyette,Biddell,Bigender
54,Allegra,Moisey,Bigender
55,Stella,Arnholdt,Genderqueer
56,Eduino,Deveril,Agender
57,Christina,Sneesby,Genderfluid
58,Valdemar,Scarffe,Non-binary
59,Ginger,Eburah,Female
60,Reed,Baden,Bigender
61,Ferdinand,Haste,Genderfluid
62,Burl,Hauxby,Polygender
63,Beryl,Harber,Agender
64,Devondra,Spinage,Bigender
65,Judon,Cale,Male
66,Michail,Cisco,Agender
67,Roarke,Montacute,Agender
68,Delbert,Kleinholz,Polygender
69,Krystal,Treleaven,Genderqueer
70,Ewen,Klassman,Female
71,Corinne,Gawen,Bigender
72,Ianthe,Lydall,Bigender
73,Teddy,Ernke,Agender
74,Vinny,Grieswood,Female
75,Delaney,Fothergill,Genderfluid
76,Elisabeth,Hurd,Bigender
77,Theresita,Brimacombe,Bigender
78,Kristofer,Slyford,Agender
79,Ruby,Morais,Non-binary
80,Glennis,Bautiste,Polygender
81,Milicent,Clarey,Genderfluid
82,Dennie,Bichener,Genderqueer
83,Dur,Isaaksohn,Genderqueer
84,Marquita,Ciobutaru,Bigender
85,Collete,Housen,Polygender
86,Catriona,Fever,Non-binary
87,Sammy,Gwilym,Bigender
88,Lowell,Jouhning,Genderfluid
89,Halsey,Banthorpe,Genderfluid
90,Xenos,Kimbury,Female
91,Nicole,Rookeby,Polygender
92,Earle,Compston,Non-binary
93,Burch,Snar,Male
94,Brittne,Scotson,Polygender
95,Rogerio,Heersma,Bigender
96,Jeffry,Gounet,Genderfluid
97,Franklyn,Scamal,Polygender
98,Matti,Gever,Agender
99,Oren,Quinnelly,Female
100,Birgitta,Vannuccini,Genderfluid
